{
  "dna_gen": 0,
  "tiles": {
    "0.0,0.0": 0.0,
    "0.09999999999999999,0.0": 0.1,
    "0.25,0.0": 0.15,
    "0.19352347027881003,0.11727472237020446": 0.15,
    "0.06662185990655284,0.14623918682727355": 0.15,
    "-0.03514533018536285,0.06508256086763373": 0.15,
    "-0.03514533018536288,-0.0650825608676337": 0.15,
    "0.06662185990655281,-0.14623918682727355": 0.15,
    "0.19352347027881,-0.11727472237020448": 0.15,
    "0.06234898018587336,0.07818314824680297": 0.1,
    "0.21234898018587334,0.07818314824680297": 0.15,
    "0.1558724504646834,0.19545787061700742": 0.15,
    "0.02897084009242621,0.22442233507407652": 0.15,
    "-0.07279634999948949,0.1432657091144367": 0.15,
    "-0.07279634999948952,0.013100587379169276": 0.15,
    "0.02897084009242617,-0.06805603858047057": 0.15,
    "0.15587245046468334,-0.0390915741234015": 0.05,
    "-0.02225209339563143,0.09749279121818236": 0.1,
    "0.12774790660436858,0.09749279121818236": 0.05,
    "0.07127137688317861,0.2147675135883868": 0.05,
    "-0.05563023348907858,0.2437319780454559": 0.05,
    "-0.1573974235809943,0.16257535208581608": 0.05,
    "-0.1573974235809943,0.03241023035054866": 0.05,
    "-0.05563023348907862,-0.04874639560909119": 0.05,
    "0.07127137688317857,-0.01978193115202212": 0.05,
    "-0.0900968867902419,0.04338837391175582": 0.1,
    "0.059903113209758094,0.04338837391175582": 0.05,
    "0.003426583488568141,0.1606630962819603": 0.05,
    "-0.12347502688368905,0.18962756073902937": 0.05,
    "-0.22524221697560476,0.10847093477938954": 0.05,
    "-0.22524221697560476,-0.02169418695587788": 0.05,
    "-0.12347502688368908,-0.10285081291551773": 0.05,
    "0.0034265834885680996,-0.07388634845844866": 0.05,
    "-0.0900968867902419,-0.0433883739117558": 0.1,
    "0.059903113209758094,-0.0433883739117558": 0.05,
    "0.003426583488568141,0.07388634845844866": 0.05,
    "-0.12347502688368905,0.10285081291551776": 0.05,
    "-0.22524221697560476,0.02169418695587793": 0.05,
    "-0.22524221697560476,-0.10847093477938949": 0.05,
    "-0.12347502688368908,-0.18962756073902934": 0.05,
    "0.0034265834885680996,-0.16066309628196027": 0.05,
    "-0.022252093395631455,-0.09749279121818236": 0.1,
    "0.12774790660436855,-0.09749279121818236": 0.05,
    "0.07127137688317858,0.019781931152022106": 0.05,
    "-0.0556302334890786,0.04874639560909119": 0.05,
    "-0.1573974235809943,-0.03241023035054863": 0.05,
    "-0.15739742358099432,-0.16257535208581606": 0.05,
    "-0.05563023348907864,-0.2437319780454559": 0.05,
    "0.07127137688317854,-0.21476751358838683": 0.05,
    "0.06234898018587333,-0.07818314824680299": 0.1,
    "0.21234898018587334,-0.07818314824680299": 0.05,
    "0.15587245046468337,0.039091574123401474": 0.05,
    "0.028970840092426182,0.06805603858047056": 0.05,
    "-0.07279634999948952,-0.013100587379169262": 0.05,
    "-0.07279634999948954,-0.1432657091144367": 0.05,
    "0.02897084009242614,-0.22442233507407655": 0.05,
    "0.15587245046468334,-0.19545787061700748": 0.05
  }
}